 Nome,Nome Pt Br,Nivel,Escola,Tempo Castar,Alcance,Duração,Concentração,Componentes,Materiais,Texto,P0,Bold P1,P1,Bold P2,P2,Bold P3,P3,Bold P4,P4,Bold P5,P5,Bold P6,P6,Bold P7,P7,Bold P8,P8,Bold P9,P9,Bold P10,P10,Bold P11,P11,Bold P12,P12,Bold P13,P13,Bold P14,P14
Hex,AMALDIÇOAR,1,Encantamento,1 Ação Bônus,18 Metros,Até 1 hora,1,V | S | M,Materiais:,O olho petrificado de um tritão.,"Você coloca uma maldição em uma criatura que você possa ver, dentro do alcance. Até a magia acabar, você causa 1d6 de dano necrótico extra no alvo sempre que atingí-lo com um ataque. Além disso, escolha uma habilidade quando você conjurar a magia. O alvo tem desvantagem em testes de habilidade feitos com a habilidade escolhida.",,"Se o alvo cair a 0 pontos de vida antes da magia acabar, você pode usar uma ação bônus, em um turno subsequente, para amaldiçoar outra criatura.",,"Uma magia ""Remover Maldição"" conjurada no alvo acaba com a magia prematuramente.",,,,,,,,,,,,,,,,,,,,,,,,
Disguise Self,DISFARÇAR,1,Ilusão,1 Ação,Si Mesmo,Até 1 hora,0,V | S,,,"Você faz com que você mesmo – incluindo suas roupas, armadura, armas e outros pertences no seu personagem – pareça diferente até a magia acabar ou até você usar sua ação para dispensa-la. Você pode se parecer 30 centímetros mais baixo ou mais alto, e pode parecer magro, gordo ou entre ambos. Você não pode mudar o tipo do seu corpo, portanto, você deve adotar uma forma que tenha a mesma disposição básica de membros. No mais, a extensão da sua ilusão cabe a você.",,"As mudanças criadas por essa magia não conseguem se sustentar perante uma inspeção física. Por exemplo, se você usar essa magia para adicionar um chapéu ao seu visual, objetos que passarem pelo chapéu e qualquer um que tocá-lo não sentirá nada ou sentirá sua cabeça e cabelo. Se você usar essa magia para aparentar ser mais magro do que é, a mão de alguém que a erguer para tocar em você, irá esbarrar em você enquanto ainda está, aparentemente, está no ar.",,"Para perceber que você está disfarçado, uma criatura pode usar a ação dela para inspecionar sua aparência e deve ser bem sucedida em um teste de Inteligência (Investigação) contra a CD da sua magia.",,,,,,,,,,,,,,,,,,,,,,,,
Light,LUZ,T,Evocação,1 Ação,Toque,1 Hora,0,V | M,Materiais:,Um vaga-lume ou musgo fosforescente.,"Você toca um objeto que não tenha mais 3 metros em qualquer dimensão. Até a magia acabar, o objeto emite luz plena num raio de 6 metros e penumbra por 6 metros adicionais. Cobrir o objeto completamente com alguma coisa opaca bloqueará a luz. A magia termina se você conjura-la novamente ou dissipa-la com uma ação.",,"Se você tentar afetar um objeto segurado ou vestido por uma criatura hostil, a criatura deve ser bem sucedida num teste de Destreza para evitar a magia.",,,,,,,,,,,,,,,,,,,,,,,,,,
Feather Fall,QUEDA SUAVE,1,Transmutação,1 Reação,18 Metros,1 Minuto,0,V | M,Materiais:,Uma pequena pena ou penugem similar.,Reação que você realiza quando você ou uma criatura a até 18 metros cair.,,"Escolha até cinco criaturas caindo, dentro do alcance. A taxa de descendência de uma criatura caindo é reduzida para 18 metros por rodada, até o fim da magia. Se a criatura aterrissar antes da magia acabar, ela não sofre nenhum dano de queda, pode aterrissar em pé e a magia termina para essa criatura.",,,,,,,,,,,,,,,,,,,,,,,,,,
Spare The Dying,ESTABILIZAR,T,Necromancia,1 Ação,Toque,Instantânea,0,V | S,,,Você toca uma criatura viva que esteja com 0 pontos de vida. A criatura é estabilizada. Essa magia não afeta mortos-vivos ou constructos.,,,,,,,,,,,,,,,,,,,,,,,,,,,,
,DRUIDISMO,T,Transmutação,1 Ação,9 metros,Instantânea,0,V | S,,,"Sussurrando para os espíritos da natureza, você cria um dos seguintes efeitos, dentro do alcance:",,"✦ Você cria um efeito sensorial minúsculo e inofensivo que prevê como será o clima na sua localização pelas próximas 24 horas. O efeito deve se manifestar como um globo dourado para céu claro, uma nuvem para chuva, flocos de neve para nevasca e assim por diante. Esse efeito persiste por 1 rodada.",,"✦ Você faz uma flor florescer, uma semente brotar ou um folha amadurecer, instantaneamente.",,"✦ Você cria um efeito sensorial inofensivo instantâneo, como folhas caindo, um sopro de vento, o som de um pequeno animal ou o suave odor de um repolho. O efeito deve caber num cubo de 1,5 metro.",,"✦ Você, instantaneamente, acende ou apaga uma vela, tocha ou fogueira pequena.",,,,,,,,,,,,,,,,,,,,